Age,Sex,Job,Housing,Saving_acc,Checking_acc,Credit_amount,Duration,Purpose,Employment_Status,employed
35,male,2,own,quite rich,rich,1506,38,radio/TV,retired,retired
62,male,3,own,rich,NA,2602,19,education,student,unemployed
61,female,3,own,quite rich,moderate,696,21,radio/TV,student,self-employed
44,female,0,free,NA,moderate,3599,65,radio/TV,self-employed,student
66,female,0,free,moderate,NA,1109,30,furniture/equipment,retired,
53,male,0,own,quite rich,NA,572,38,car,self-employed,
40,female,1,rent,quite rich,moderate,6436,48,furniture/equipment,unemployed,
49,male,3,free,rich,NA,1544,38,radio/TV,student,
27,female,2,own,quite rich,NA,8715,31,business,employed,
28,male,3,rent,NA,rich,2631,12,education,unemployed,
55,male,2,rent,NA,NA,4870,18,car,retired,
23,female,1,own,NA,rich,2984,24,education,self-employed,
58,male,3,free,rich,little,9607,55,business,self-employed,
64,male,2,rent,moderate,rich,1895,38,car,employed,
51,male,2,free,rich,rich,2107,54,furniture/equipment,retired,
53,male,0,free,NA,NA,5014,58,radio/TV,student,
54,female,1,rent,rich,moderate,980,47,business,student,
34,female,3,own,NA,little,1219,68,radio/TV,retired,
57,female,0,rent,little,little,1603,28,radio/TV,employed,
57,female,1,rent,little,little,1626,50,education,self-employed,
29,female,0,free,quite rich,moderate,9055,59,business,unemployed,
38,male,3,own,moderate,little,6068,41,radio/TV,retired,
57,male,2,free,little,little,210,14,furniture/equipment,self-employed,
36,male,3,rent,NA,moderate,6530,70,car,unemployed,
20,male,1,own,rich,little,9430,18,business,self-employed,
35,female,3,own,rich,NA,3025,4,education,unemployed,
68,female,1,own,quite rich,NA,7664,10,business,self-employed,
36,male,0,own,rich,rich,3203,4,education,employed,
64,female,1,own,little,rich,9467,52,car,unemployed,
23,male,2,rent,rich,rich,7395,32,furniture/equipment,unemployed,
33,male,2,rent,little,NA,6920,29,radio/TV,employed,
25,female,2,rent,little,NA,3288,48,business,unemployed,
65,female,0,free,moderate,NA,1989,15,education,unemployed,
35,female,1,own,quite rich,rich,3236,35,car,self-employed,
69,female,0,own,NA,rich,7577,23,radio/TV,unemployed,
65,female,3,rent,little,rich,7798,54,car,self-employed,
60,female,3,own,quite rich,rich,5038,39,furniture/equipment,employed,
56,female,3,free,NA,rich,6072,70,radio/TV,student,
66,male,3,own,rich,rich,3853,4,radio/TV,self-employed,
66,female,2,own,quite rich,NA,4499,30,radio/TV,unemployed,
29,male,1,free,quite rich,moderate,9468,43,education,retired,
62,male,2,rent,quite rich,moderate,1173,17,radio/TV,student,
27,female,1,rent,rich,rich,7283,9,car,student,
24,male,1,own,rich,moderate,5694,36,education,employed,
63,female,0,free,quite rich,moderate,9691,58,radio/TV,employed,
18,male,3,rent,moderate,NA,3606,22,car,employed,
66,male,1,rent,little,rich,5350,32,car,employed,
53,male,3,rent,rich,rich,9550,64,business,self-employed,
38,female,3,own,moderate,moderate,3329,27,car,employed,
54,male,3,free,rich,rich,304,26,furniture/equipment,student,
69,male,2,own,quite rich,rich,7633,13,radio/TV,employed,
41,male,3,rent,moderate,rich,7889,57,radio/TV,unemployed,
42,female,1,free,NA,rich,3767,44,radio/TV,employed,
24,male,2,own,little,moderate,4548,52,car,employed,
59,female,3,rent,little,little,4590,20,car,retired,
34,male,0,rent,rich,moderate,7011,59,radio/TV,retired,
46,male,3,own,little,NA,1381,48,education,unemployed,
47,male,3,rent,NA,little,4844,33,education,self-employed,
24,female,2,rent,moderate,little,6073,47,furniture/equipment,employed,
50,male,1,free,moderate,little,4594,58,business,unemployed,
24,male,3,rent,quite rich,moderate,3734,22,furniture/equipment,employed,
41,male,2,own,moderate,NA,6044,32,radio/TV,unemployed,
28,male,2,free,rich,moderate,6139,5,radio/TV,unemployed,
26,female,1,own,NA,NA,6675,39,radio/TV,student,
29,male,2,rent,quite rich,moderate,1974,22,business,retired,
52,male,1,free,rich,moderate,8483,10,car,unemployed,
21,male,0,free,rich,moderate,646,29,business,employed,
53,male,3,free,rich,little,308,41,furniture/equipment,self-employed,
45,female,2,free,little,moderate,3439,6,car,employed,
30,male,0,own,rich,NA,6131,69,car,student,
40,male,2,rent,little,NA,4253,46,furniture/equipment,student,
36,female,2,rent,moderate,NA,4737,65,car,retired,
59,male,0,free,little,little,6561,27,education,employed,
54,male,2,rent,rich,moderate,1445,42,furniture/equipment,retired,
56,male,2,own,NA,moderate,2920,71,furniture/equipment,student,
41,female,0,rent,NA,rich,8669,47,education,student,
33,male,2,own,moderate,little,7941,8,business,retired,
50,female,1,own,rich,NA,5305,58,business,student,
29,female,2,rent,little,NA,3122,33,business,student,
51,female,3,own,NA,moderate,2713,32,car,student,
24,female,2,own,quite rich,NA,9230,29,education,unemployed,
28,female,3,own,rich,moderate,3001,29,furniture/equipment,self-employed,
48,female,3,own,rich,moderate,7181,40,furniture/equipment,student,
46,female,2,free,quite rich,rich,8421,56,furniture/equipment,student,
30,male,0,rent,NA,little,6702,33,car,student,
48,male,1,free,quite rich,moderate,6238,6,car,student,
19,female,1,own,moderate,moderate,6429,46,business,retired,
56,female,2,rent,little,moderate,9649,10,car,student,
32,female,0,own,little,rich,564,52,business,self-employed,
28,female,0,rent,NA,moderate,2000,44,business,self-employed,
51,female,1,free,quite rich,little,6158,57,furniture/equipment,employed,
56,female,0,rent,rich,little,9296,30,car,unemployed,
21,male,2,own,rich,NA,7636,11,business,unemployed,
28,male,2,rent,rich,little,4993,35,education,student,
46,female,0,rent,moderate,NA,8360,67,education,unemployed,
19,female,2,free,moderate,little,379,13,car,employed,
33,female,3,own,rich,NA,4073,16,furniture/equipment,student,
56,male,1,rent,NA,moderate,4160,66,furniture/equipment,self-employed,
30,female,2,free,moderate,rich,1386,38,business,employed,
54,male,0,rent,moderate,rich,973,64,car,employed,
34,male,1,own,little,rich,4660,57,education,employed,
38,male,2,rent,little,moderate,552,11,business,unemployed,
61,female,1,rent,NA,rich,7143,32,business,self-employed,
36,female,0,rent,moderate,little,5402,44,radio/TV,employed,
24,male,3,rent,moderate,NA,5544,33,car,student,
55,male,3,own,quite rich,moderate,4707,24,business,employed,
25,male,2,free,NA,rich,5030,14,education,retired,
30,male,3,free,NA,little,317,5,radio/TV,employed,
54,female,2,rent,quite rich,little,681,53,education,retired,
19,male,1,own,quite rich,moderate,4487,44,furniture/equipment,unemployed,
58,female,2,own,little,moderate,7002,69,radio/TV,employed,
28,male,2,own,NA,rich,8498,6,radio/TV,employed,
41,female,2,own,NA,NA,4677,54,business,self-employed,
23,male,3,own,quite rich,rich,6733,71,furniture/equipment,student,
43,female,2,own,rich,rich,443,28,business,student,
24,female,0,rent,rich,moderate,7212,33,car,student,
56,female,2,free,little,rich,1065,14,education,self-employed,
36,male,1,free,rich,rich,9953,20,education,student,
23,female,0,rent,rich,NA,5529,29,business,student,
60,male,1,free,rich,little,803,26,education,employed,
46,female,1,own,moderate,little,5956,59,education,self-employed,
60,female,1,own,little,NA,4218,55,car,retired,
56,male,0,free,quite rich,little,5392,51,furniture/equipment,employed,
19,female,0,own,rich,rich,2215,23,radio/TV,student,
36,female,3,own,moderate,NA,3580,5,business,employed,
21,male,0,free,rich,NA,3970,34,business,employed,
23,female,2,rent,moderate,moderate,6029,30,car,self-employed,
66,female,1,free,little,little,1813,5,car,self-employed,
54,female,3,free,rich,moderate,2079,7,radio/TV,student,
45,female,0,free,moderate,rich,5572,16,furniture/equipment,unemployed,
47,male,1,free,NA,NA,4308,38,business,self-employed,
24,female,0,rent,NA,rich,9491,69,car,retired,
26,female,3,rent,moderate,little,9466,9,business,unemployed,
42,female,0,own,rich,moderate,9178,34,education,retired,
50,female,0,own,rich,little,348,13,business,unemployed,
18,female,1,free,little,rich,1954,24,furniture/equipment,student,
68,female,2,own,little,moderate,7578,26,furniture/equipment,student,
23,female,0,rent,quite rich,little,6881,6,business,student,
35,female,3,own,little,rich,3956,35,education,employed,
27,male,0,own,rich,little,9571,23,furniture/equipment,unemployed,
45,male,0,own,quite rich,NA,9316,32,car,unemployed,
28,male,2,free,little,moderate,5592,55,business,unemployed,
50,male,1,own,moderate,moderate,9995,49,education,employed,
18,female,3,rent,NA,moderate,3252,37,car,retired,
30,female,1,rent,little,NA,5892,64,business,student,
54,male,1,rent,little,moderate,4418,14,education,unemployed,
37,male,1,rent,moderate,NA,5003,66,car,unemployed,
18,male,0,own,rich,moderate,2577,24,furniture/equipment,student,
69,female,2,free,moderate,little,5286,6,business,unemployed,
20,female,0,rent,little,little,3382,13,business,unemployed,
35,male,3,rent,rich,little,3360,30,furniture/equipment,employed,
58,male,2,free,quite rich,little,6776,15,radio/TV,unemployed,
31,male,1,free,little,NA,9103,10,car,student,
48,male,2,rent,moderate,rich,2786,20,furniture/equipment,unemployed,
44,male,3,rent,quite rich,rich,2848,68,business,retired,
34,female,0,free,NA,little,7513,67,car,student,
63,male,0,rent,quite rich,rich,1917,29,car,student,
46,female,1,rent,moderate,rich,5508,18,radio/TV,student,
53,male,0,own,quite rich,moderate,7607,36,business,student,
54,male,0,free,moderate,NA,1070,65,education,employed,
43,female,3,own,little,little,3774,50,radio/TV,retired,
34,male,2,own,rich,rich,6027,38,radio/TV,retired,
39,female,0,free,NA,rich,8186,68,education,retired,
42,female,3,own,rich,little,8662,28,education,employed,
19,male,3,rent,rich,moderate,9935,60,radio/TV,student,
39,male,1,own,rich,little,8941,35,car,student,
22,female,3,free,moderate,moderate,5969,66,furniture/equipment,unemployed,
21,female,1,rent,moderate,rich,5933,15,furniture/equipment,student,
53,male,0,rent,NA,NA,3440,66,radio/TV,student,
23,female,1,rent,moderate,moderate,9754,4,car,student,
69,male,3,rent,moderate,moderate,5093,54,education,employed,
38,female,2,own,moderate,little,9676,11,radio/TV,retired,
30,male,2,own,moderate,rich,1086,71,business,student,
54,female,0,rent,little,NA,6054,8,car,student,
42,female,0,free,NA,little,5518,42,business,student,
43,male,2,rent,moderate,little,2458,26,business,employed,
56,female,1,own,NA,NA,4582,71,radio/TV,unemployed,
37,female,0,rent,quite rich,rich,1985,55,car,unemployed,
50,female,3,own,little,NA,7927,7,business,employed,
31,female,0,rent,moderate,little,495,50,car,student,
53,female,1,free,little,little,2797,24,furniture/equipment,unemployed,
34,female,0,rent,little,moderate,880,59,business,retired,
38,female,3,free,quite rich,NA,5090,69,business,student,
63,male,3,free,NA,NA,4498,62,car,student,
33,female,3,rent,little,NA,524,10,furniture/equipment,retired,
63,female,1,free,rich,little,8152,52,business,self-employed,
33,male,1,free,quite rich,rich,1186,19,radio/TV,retired,
37,female,3,own,rich,little,3318,20,car,employed,
46,female,3,own,quite rich,moderate,960,37,car,student,
45,male,1,free,rich,little,7958,36,business,self-employed,
25,female,1,rent,rich,little,9428,29,furniture/equipment,unemployed,
41,female,1,free,little,little,1106,69,business,retired,
20,male,2,rent,little,moderate,5699,66,education,employed,
42,male,1,own,quite rich,NA,564,44,business,self-employed,
36,female,3,rent,NA,rich,7969,61,education,unemployed,
50,female,2,free,little,rich,3613,13,radio/TV,employed,
19,male,1,free,little,moderate,8227,18,car,employed,
32,female,3,free,moderate,NA,8139,45,car,employed,
39,male,0,free,little,NA,9461,60,furniture/equipment,retired,
27,male,2,free,NA,moderate,3281,20,business,unemployed,
35,male,3,rent,moderate,little,5648,63,radio/TV,unemployed,
39,female,0,free,rich,NA,3458,12,education,employed,
63,male,3,own,rich,rich,2307,39,furniture/equipment,student,
66,male,1,free,moderate,moderate,8128,39,radio/TV,unemployed,
44,male,1,rent,moderate,rich,3133,51,radio/TV,unemployed,
30,female,0,free,moderate,little,3029,54,education,student,
50,female,1,free,quite rich,moderate,8833,71,education,unemployed,
22,female,3,rent,NA,rich,5206,25,car,retired,
43,male,0,free,NA,rich,1759,9,business,retired,
30,female,3,rent,rich,little,1941,29,furniture/equipment,retired,
44,female,3,free,rich,moderate,6030,6,business,student,
31,male,3,own,rich,NA,7723,55,furniture/equipment,student,
41,male,1,free,little,NA,825,63,radio/TV,retired,
20,female,1,rent,rich,rich,1890,66,education,self-employed,
64,female,3,own,moderate,little,8482,68,education,unemployed,
68,male,2,rent,rich,rich,6510,55,radio/TV,student,
66,female,3,free,moderate,little,3206,17,radio/TV,student,
47,male,3,own,quite rich,NA,4502,71,furniture/equipment,retired,
52,male,0,rent,little,rich,1288,31,radio/TV,retired,
65,female,3,own,little,rich,6207,13,furniture/equipment,retired,
31,female,1,own,NA,little,4811,60,business,unemployed,
29,female,0,rent,quite rich,moderate,9572,69,education,student,
45,female,2,own,moderate,little,8128,53,education,employed,
61,male,0,rent,quite rich,moderate,4690,17,education,retired,
46,female,2,own,little,NA,8578,19,business,self-employed,
60,female,0,own,moderate,rich,1797,57,business,unemployed,
34,female,0,own,quite rich,rich,3947,46,car,self-employed,
57,male,2,free,little,little,2870,45,furniture/equipment,unemployed,
66,female,1,free,moderate,little,8631,25,furniture/equipment,self-employed,
38,female,1,rent,moderate,NA,2780,71,car,student,
40,male,1,own,little,NA,7632,22,education,employed,
37,male,0,rent,moderate,moderate,8530,69,furniture/equipment,self-employed,
28,male,3,free,little,NA,2706,42,furniture/equipment,self-employed,
51,male,0,free,rich,NA,4925,22,education,student,
27,male,3,free,rich,NA,4500,19,radio/TV,student,
27,female,3,free,moderate,NA,8959,57,radio/TV,unemployed,
60,male,1,rent,moderate,moderate,7202,28,car,student,
23,male,3,own,little,NA,9273,21,business,unemployed,
53,male,0,rent,moderate,moderate,6331,26,furniture/equipment,student,
41,male,0,own,NA,little,9031,14,furniture/equipment,self-employed,
29,male,1,free,rich,rich,4737,42,car,unemployed,
60,male,2,own,moderate,little,2535,71,car,self-employed,
40,male,0,free,moderate,NA,4521,28,furniture/equipment,student,
44,male,3,rent,quite rich,rich,3185,66,education,student,
62,female,0,own,moderate,NA,759,33,education,student,
54,female,0,rent,NA,NA,913,48,business,unemployed,
23,female,0,free,rich,little,4793,64,furniture/equipment,student,
18,male,2,rent,quite rich,NA,4188,54,furniture/equipment,employed,
23,male,3,free,little,little,6403,12,furniture/equipment,retired,
67,male,1,free,little,NA,456,5,furniture/equipment,retired,
39,female,0,free,rich,moderate,8968,8,car,unemployed,
58,male,3,rent,little,rich,237,65,radio/TV,self-employed,
41,male,3,rent,NA,little,8852,55,furniture/equipment,unemployed,
42,male,1,own,moderate,little,9832,8,radio/TV,student,
32,female,0,own,rich,rich,2032,62,education,employed,
43,female,2,rent,quite rich,little,7800,71,business,self-employed,
25,male,3,rent,moderate,rich,5367,12,education,self-employed,
68,female,1,rent,little,moderate,632,25,furniture/equipment,unemployed,
41,male,2,rent,little,NA,4351,30,education,unemployed,
65,male,3,free,quite rich,moderate,6611,13,car,employed,
55,female,0,free,NA,NA,1951,64,radio/TV,student,
23,female,3,free,quite rich,rich,5197,54,furniture/equipment,student,
52,female,2,rent,rich,moderate,5920,13,car,student,
59,female,2,free,quite rich,NA,7816,9,radio/TV,self-employed,
18,male,0,free,little,rich,456,65,car,employed,
63,male,0,own,NA,NA,871,8,education,student,
53,female,1,own,NA,little,689,66,furniture/equipment,student,
29,female,0,free,quite rich,little,7089,59,education,student,
55,male,1,free,rich,rich,2296,62,business,unemployed,
28,male,2,free,little,NA,1882,66,furniture/equipment,student,
29,male,2,rent,moderate,little,2660,62,education,retired,
59,male,3,own,NA,moderate,4729,54,furniture/equipment,self-employed,
67,female,3,own,quite rich,NA,5321,53,radio/TV,student,
56,female,1,own,rich,NA,2175,7,furniture/equipment,employed,
24,female,0,free,rich,little,3416,51,furniture/equipment,student,
28,male,0,rent,little,little,9781,35,radio/TV,employed,
53,male,3,own,NA,rich,4715,54,education,retired,
69,female,2,own,little,NA,5892,55,furniture/equipment,unemployed,
48,female,1,rent,moderate,moderate,9976,37,car,self-employed,
50,female,2,free,moderate,little,5139,39,furniture/equipment,retired,
30,male,2,free,moderate,NA,5763,46,education,unemployed,
35,female,0,own,rich,little,3163,19,radio/TV,self-employed,
58,male,1,own,NA,rich,4729,62,education,retired,
41,female,2,rent,little,NA,6986,56,business,employed,
26,female,3,own,little,NA,6400,22,furniture/equipment,student,
48,female,3,rent,moderate,rich,1176,44,furniture/equipment,self-employed,
58,male,0,own,NA,moderate,7545,50,radio/TV,unemployed,
27,male,3,own,NA,little,245,57,furniture/equipment,self-employed,
19,male,3,own,quite rich,rich,1393,58,car,retired,
55,male,2,free,NA,NA,4712,22,car,employed,
32,male,3,rent,NA,rich,5143,65,education,self-employed,
20,male,3,rent,little,NA,6482,62,radio/TV,student,
60,female,2,free,NA,rich,446,68,business,student,
48,male,0,free,NA,moderate,3419,71,education,unemployed,
23,female,0,free,little,NA,9183,31,radio/TV,employed,
20,male,1,rent,NA,rich,836,21,radio/TV,retired,
28,female,3,own,little,moderate,3975,29,education,self-employed,
32,female,2,free,quite rich,moderate,2621,22,education,employed,
62,male,1,free,rich,little,9480,58,furniture/equipment,retired,
69,female,0,free,little,NA,4383,60,business,employed,
45,male,0,own,little,little,912,9,car,employed,
27,male,2,own,NA,moderate,6045,4,furniture/equipment,self-employed,
55,male,1,free,little,little,5523,11,radio/TV,student,
64,male,1,own,moderate,little,6232,54,business,retired,
67,female,2,free,moderate,rich,3844,28,business,retired,
67,male,2,own,quite rich,little,7973,50,education,retired,
24,female,1,rent,little,moderate,2308,58,business,retired,
32,female,0,rent,NA,little,3814,67,business,student,
35,female,3,own,NA,NA,9634,13,radio/TV,retired,
35,male,0,rent,rich,rich,7157,59,furniture/equipment,retired,
69,female,2,rent,quite rich,moderate,5479,15,business,employed,
58,male,1,rent,NA,little,4532,36,education,self-employed,
41,female,1,free,rich,NA,4100,20,furniture/equipment,student,
19,male,3,own,NA,moderate,8139,64,education,employed,
57,male,1,own,rich,little,7163,13,business,retired,
37,male,3,own,moderate,rich,4768,34,furniture/equipment,student,
51,male,0,rent,moderate,little,8038,63,business,self-employed,
60,female,0,free,NA,moderate,2045,20,radio/TV,unemployed,
43,female,1,own,quite rich,moderate,582,53,furniture/equipment,retired,
24,male,1,rent,little,moderate,4312,40,education,self-employed,
55,female,2,free,quite rich,NA,7269,65,radio/TV,self-employed,
47,male,2,free,quite rich,little,4010,32,car,unemployed,
59,male,1,own,little,little,1709,35,education,employed,
22,female,1,own,moderate,little,7773,14,business,self-employed,
28,male,0,rent,moderate,rich,1778,9,education,unemployed,
18,male,1,own,little,NA,1079,38,car,retired,
51,male,2,rent,rich,NA,2362,36,education,unemployed,
18,male,0,free,quite rich,rich,9964,21,radio/TV,retired,
36,male,3,free,NA,NA,7914,40,education,student,
19,female,2,free,moderate,rich,1559,16,furniture/equipment,employed,
38,female,2,free,NA,moderate,4631,67,car,student,
37,female,0,own,little,moderate,8348,4,education,self-employed,
40,male,3,own,NA,NA,4160,66,car,self-employed,
38,male,2,rent,NA,moderate,4011,37,radio/TV,unemployed,
41,male,1,rent,quite rich,moderate,4442,13,furniture/equipment,retired,
21,male,2,rent,little,moderate,4417,10,business,retired,
29,male,0,rent,NA,little,280,59,education,unemployed,
39,male,0,rent,moderate,moderate,2932,40,radio/TV,employed,
37,female,0,free,little,little,8033,32,car,student,
35,male,2,free,moderate,rich,2909,15,car,unemployed,
18,female,3,free,rich,rich,2622,20,radio/TV,student,
47,male,1,rent,NA,rich,3841,51,education,retired,
50,female,0,free,little,rich,867,29,business,unemployed,
41,male,3,free,moderate,rich,2696,15,education,retired,
31,female,1,free,NA,moderate,3699,24,furniture/equipment,unemployed,
53,female,0,free,quite rich,moderate,9836,45,education,employed,
22,male,1,own,moderate,moderate,9737,64,furniture/equipment,student,
28,male,1,rent,moderate,rich,8280,61,car,self-employed,
41,female,3,rent,rich,rich,7023,57,furniture/equipment,self-employed,
48,male,1,own,quite rich,little,1389,37,business,self-employed,
30,male,0,free,rich,NA,6804,10,radio/TV,employed,
33,male,3,free,quite rich,moderate,8850,38,furniture/equipment,student,
41,female,2,free,moderate,NA,9604,18,education,employed,
30,male,2,rent,rich,rich,9303,68,furniture/equipment,employed,
41,female,3,rent,NA,rich,1225,28,car,student,
43,female,2,rent,quite rich,rich,7985,62,furniture/equipment,student,
19,male,1,rent,moderate,NA,271,9,business,employed,
33,female,0,rent,little,little,5746,55,furniture/equipment,retired,
55,male,1,own,quite rich,rich,2885,24,business,self-employed,
63,male,3,rent,quite rich,little,9585,35,education,self-employed,
18,female,0,free,NA,little,7572,56,car,student,
66,female,3,rent,quite rich,moderate,2048,62,radio/TV,unemployed,
28,female,3,own,quite rich,NA,2222,65,education,self-employed,
68,female,3,free,NA,rich,6538,7,education,employed,
52,female,1,own,NA,little,3941,21,radio/TV,retired,
60,male,0,free,rich,NA,1498,59,furniture/equipment,unemployed,
46,female,0,rent,moderate,NA,4302,27,furniture/equipment,employed,
54,male,0,own,moderate,rich,1104,69,furniture/equipment,unemployed,
34,male,1,free,rich,moderate,3226,16,car,student,
56,female,2,rent,moderate,moderate,6909,65,education,unemployed,
59,female,1,free,quite rich,little,4911,57,business,employed,
45,female,1,own,rich,moderate,8221,18,radio/TV,employed,
46,female,3,own,rich,moderate,6169,6,education,unemployed,
60,female,0,own,moderate,moderate,2820,40,furniture/equipment,retired,
20,male,0,own,little,NA,2846,40,radio/TV,self-employed,
69,male,2,rent,moderate,rich,5065,6,business,student,
27,male,2,free,little,NA,7545,66,education,retired,
59,female,3,rent,rich,NA,2489,38,education,student,
31,female,0,own,little,rich,7570,55,car,self-employed,
29,male,2,free,quite rich,NA,4072,31,education,unemployed,
64,female,2,own,NA,little,9877,21,education,self-employed,
59,female,0,rent,little,little,7890,39,business,self-employed,
47,female,1,rent,NA,NA,1640,36,business,employed,
49,male,2,rent,quite rich,moderate,965,67,radio/TV,employed,
49,female,0,free,NA,NA,4292,29,furniture/equipment,employed,
59,male,2,free,quite rich,moderate,9541,51,business,retired,
49,female,3,own,NA,NA,2866,43,radio/TV,retired,
43,female,2,free,NA,little,8855,20,education,unemployed,
68,male,0,free,moderate,moderate,6168,43,radio/TV,retired,
18,female,2,rent,little,little,7841,10,radio/TV,unemployed,
59,female,3,own,NA,NA,2381,60,radio/TV,unemployed,
19,female,3,rent,rich,rich,4088,11,radio/TV,self-employed,
34,male,2,own,moderate,moderate,1040,59,business,retired,
47,female,2,own,little,moderate,6099,34,furniture/equipment,employed,
56,female,3,free,moderate,NA,4318,62,radio/TV,retired,
24,female,3,rent,little,NA,765,61,car,employed,
69,female,1,free,quite rich,moderate,6205,15,education,student,
44,female,1,free,NA,rich,9356,51,education,employed,
26,male,3,free,rich,NA,9387,34,education,retired,
39,male,2,own,moderate,NA,7426,66,education,unemployed,
51,female,0,rent,moderate,NA,9579,42,education,retired,
63,female,2,rent,moderate,rich,6090,23,radio/TV,employed,
66,male,2,free,moderate,moderate,4511,51,furniture/equipment,retired,
18,female,1,own,NA,little,7936,57,car,unemployed,
26,female,1,rent,little,NA,9048,32,business,retired,
37,female,1,rent,NA,rich,3182,51,car,employed,
36,female,3,free,quite rich,moderate,9505,59,business,employed,
53,female,3,own,NA,moderate,6283,20,business,unemployed,
57,female,2,free,NA,rich,756,12,car,student,
62,female,2,rent,quite rich,NA,3219,37,radio/TV,unemployed,
21,female,0,own,NA,little,2780,48,education,unemployed,
26,male,2,free,little,NA,8346,12,radio/TV,employed,
58,male,2,rent,rich,moderate,8443,10,education,self-employed,
39,female,1,free,quite rich,little,9753,19,furniture/equipment,self-employed,
35,female,1,free,moderate,NA,9586,22,business,student,
29,female,1,free,little,little,4219,9,car,retired,
59,female,1,own,rich,rich,3338,14,furniture/equipment,unemployed,
60,male,1,rent,little,NA,871,64,education,employed,
56,male,0,rent,little,moderate,977,45,radio/TV,self-employed,
26,male,0,rent,moderate,moderate,5127,16,car,self-employed,
23,male,0,rent,rich,little,3222,15,business,student,
36,female,1,own,little,rich,2060,23,furniture/equipment,employed,
65,female,3,free,moderate,NA,3339,53,business,unemployed,
64,female,1,rent,quite rich,rich,1274,39,education,unemployed,
24,male,1,own,moderate,rich,9675,40,business,self-employed,
33,female,0,free,NA,little,6963,15,radio/TV,retired,
22,female,1,own,moderate,little,2186,43,furniture/equipment,employed,
33,male,0,own,moderate,NA,9393,57,furniture/equipment,employed,
18,male,1,rent,moderate,moderate,6527,5,radio/TV,student,
68,male,2,rent,little,NA,1246,53,business,retired,
54,male,3,free,rich,rich,2376,44,radio/TV,unemployed,
56,male,3,free,moderate,little,2538,48,car,retired,
36,female,0,rent,moderate,rich,700,12,radio/TV,student,
54,female,2,own,NA,little,2433,65,business,employed,
34,male,3,rent,NA,moderate,4808,50,radio/TV,self-employed,
43,female,0,free,quite rich,rich,7434,8,education,retired,
39,female,1,own,quite rich,little,8172,4,radio/TV,employed,
25,female,1,own,NA,NA,6810,47,radio/TV,unemployed,
50,female,2,own,rich,NA,800,25,business,self-employed,
19,male,3,rent,quite rich,NA,4484,41,car,employed,
47,female,1,rent,rich,rich,9380,22,car,student,
64,female,0,free,NA,little,4683,34,business,student,
37,female,1,own,quite rich,little,6101,70,business,self-employed,
35,male,1,own,moderate,little,6329,45,business,retired,
60,female,3,rent,NA,rich,1954,29,education,employed,
27,male,3,free,quite rich,little,2664,16,furniture/equipment,retired,
41,male,0,free,rich,moderate,4682,61,radio/TV,retired,
21,male,2,own,rich,rich,9886,21,business,self-employed,
54,male,2,rent,quite rich,moderate,9244,70,business,self-employed,
21,female,1,own,rich,moderate,7600,6,business,retired,
30,male,0,rent,quite rich,NA,7006,58,car,student,
42,male,2,free,quite rich,rich,8843,61,business,retired,
30,male,2,own,rich,little,7596,66,radio/TV,self-employed,
35,male,1,own,little,moderate,7538,55,business,student,
41,male,0,own,moderate,rich,5441,27,radio/TV,retired,
19,female,2,free,NA,little,7594,12,education,unemployed,
65,male,3,own,moderate,NA,6637,40,furniture/equipment,retired,
50,female,3,free,NA,rich,4895,56,car,employed,
36,female,1,rent,NA,rich,2788,27,radio/TV,employed,
26,male,1,free,moderate,rich,1982,24,education,retired,
45,female,1,rent,quite rich,little,6147,43,furniture/equipment,employed,
52,female,1,free,rich,moderate,6794,65,furniture/equipment,retired,
56,female,2,free,little,moderate,3720,17,furniture/equipment,unemployed,
27,male,0,own,little,rich,3418,45,radio/TV,retired,
18,male,1,free,little,rich,3957,53,education,unemployed,
59,male,1,own,moderate,little,4216,64,business,unemployed,
38,male,2,rent,moderate,NA,3037,7,education,self-employed,
26,male,1,rent,quite rich,rich,6200,20,education,unemployed,
64,male,1,own,little,rich,7234,60,education,employed,
32,male,0,rent,quite rich,NA,7509,51,radio/TV,student,
52,female,3,free,little,rich,4439,47,radio/TV,employed,
22,female,1,own,moderate,moderate,4628,48,radio/TV,self-employed,
58,male,2,own,rich,rich,9811,36,education,self-employed,
39,female,0,own,rich,moderate,4350,34,radio/TV,self-employed,
58,male,2,rent,rich,little,9722,50,furniture/equipment,employed,
40,male,0,rent,rich,little,1646,9,radio/TV,unemployed,
24,male,0,free,NA,moderate,9832,37,car,retired,
40,female,1,free,little,moderate,6668,56,radio/TV,student,
61,male,1,own,rich,NA,5990,17,radio/TV,student,
42,male,1,free,NA,moderate,4375,19,radio/TV,student,
44,male,3,rent,NA,moderate,5280,46,radio/TV,retired,
58,male,3,free,NA,rich,1064,15,car,student,
23,female,2,rent,quite rich,NA,7060,22,business,unemployed,
51,male,1,free,quite rich,moderate,8863,44,radio/TV,unemployed,
26,female,3,rent,NA,moderate,6417,56,furniture/equipment,retired,
66,female,1,rent,rich,moderate,5872,32,car,employed,
50,male,3,free,little,rich,1702,62,business,retired,
68,male,3,free,moderate,rich,4884,67,radio/TV,self-employed,
23,female,0,rent,quite rich,rich,1610,27,business,self-employed,
54,female,1,own,rich,little,3970,19,furniture/equipment,retired,
48,female,1,free,rich,rich,4859,55,car,student,
51,female,3,rent,moderate,moderate,4201,9,car,employed,
58,male,1,free,moderate,rich,3683,40,business,unemployed,
46,female,3,free,rich,rich,4762,7,radio/TV,retired,
31,female,1,free,moderate,NA,798,41,education,unemployed,
53,female,0,free,rich,moderate,9383,44,car,unemployed,
53,female,1,free,moderate,rich,3241,17,education,unemployed,
32,male,0,own,moderate,little,8360,54,car,retired,
25,male,2,own,rich,NA,6591,68,radio/TV,self-employed,
43,male,1,own,NA,rich,7487,55,radio/TV,unemployed,
53,female,1,rent,rich,NA,266,33,car,self-employed,
65,female,1,own,little,NA,8323,60,business,unemployed,
38,male,0,own,moderate,little,2950,33,radio/TV,student,
45,male,1,rent,quite rich,little,8861,45,radio/TV,retired,
21,female,1,own,moderate,little,7006,14,furniture/equipment,retired,
33,male,3,free,little,moderate,6629,30,radio/TV,student,
39,female,2,own,quite rich,NA,8323,27,furniture/equipment,employed,
29,female,0,own,quite rich,rich,1831,42,radio/TV,unemployed,
33,female,3,own,rich,little,6652,21,radio/TV,retired,
68,female,0,free,NA,little,974,48,business,unemployed,
57,female,3,free,rich,NA,6307,15,business,student,
55,female,2,free,quite rich,NA,8004,52,radio/TV,employed,
59,male,3,free,quite rich,NA,9878,34,car,unemployed,
54,male,0,rent,NA,rich,4219,25,car,unemployed,
46,male,1,free,moderate,moderate,1129,47,radio/TV,retired,
35,female,1,free,NA,moderate,3212,67,car,self-employed,
27,male,2,free,rich,little,5224,28,radio/TV,self-employed,
59,female,0,free,moderate,moderate,6464,54,business,unemployed,
56,female,0,rent,rich,rich,8173,10,education,self-employed,
35,female,0,own,NA,moderate,9897,9,furniture/equipment,student,
18,female,2,own,moderate,rich,4929,27,car,employed,
56,male,1,free,NA,little,8161,22,car,retired,
38,male,3,free,little,NA,3019,12,business,self-employed,
18,male,2,free,quite rich,rich,6855,39,car,retired,
32,female,3,own,moderate,NA,1384,43,radio/TV,student,
21,male,1,own,quite rich,little,8680,27,radio/TV,employed,
37,male,2,free,little,rich,6543,51,education,student,
27,male,1,own,moderate,rich,727,66,education,retired,
40,female,3,rent,quite rich,moderate,1116,56,education,retired,
58,male,0,free,quite rich,rich,3774,57,radio/TV,self-employed,
51,female,0,free,moderate,little,3519,45,education,retired,
63,male,3,rent,quite rich,NA,1606,48,education,unemployed,
65,female,0,rent,quite rich,rich,1441,17,radio/TV,unemployed,
50,male,3,own,moderate,little,5406,32,business,student,
51,male,2,rent,quite rich,little,7449,9,car,retired,
56,male,2,free,quite rich,rich,3333,10,furniture/equipment,employed,
27,female,2,own,rich,moderate,998,40,radio/TV,unemployed,
37,male,0,rent,rich,rich,1723,56,radio/TV,unemployed,
18,male,1,own,little,rich,7409,21,furniture/equipment,employed,
30,female,0,own,rich,moderate,5128,41,furniture/equipment,unemployed,
18,female,0,own,rich,little,3088,62,education,unemployed,
22,female,1,own,little,rich,2890,4,furniture/equipment,self-employed,
33,female,1,rent,quite rich,moderate,4291,71,car,unemployed,
32,male,1,free,quite rich,NA,7482,47,car,retired,
66,male,1,free,rich,NA,9633,50,car,employed,
45,female,0,rent,little,moderate,6449,38,car,employed,
48,male,3,free,quite rich,little,890,63,car,unemployed,
40,female,2,own,NA,moderate,8919,55,education,self-employed,
65,male,3,own,moderate,little,1695,11,radio/TV,unemployed,
62,female,0,own,moderate,NA,1092,44,furniture/equipment,employed,
60,male,1,rent,moderate,rich,8778,6,radio/TV,student,
34,female,2,own,rich,moderate,9641,17,furniture/equipment,student,
66,female,2,own,moderate,NA,6073,29,education,unemployed,
51,male,3,rent,moderate,rich,4703,61,education,retired,
30,male,0,own,NA,NA,1097,43,business,unemployed,
31,male,0,own,quite rich,moderate,910,54,business,employed,
28,female,0,free,NA,moderate,3895,8,education,unemployed,
45,male,2,rent,rich,rich,2886,35,education,employed,
59,female,3,own,moderate,moderate,7388,4,furniture/equipment,student,
49,male,2,own,quite rich,NA,5978,57,education,student,
52,male,2,own,moderate,rich,7968,14,radio/TV,self-employed,
48,female,1,own,moderate,rich,5213,56,furniture/equipment,retired,
34,female,3,free,rich,NA,4712,11,education,retired,
64,male,1,free,moderate,little,615,28,furniture/equipment,student,
26,female,0,free,little,rich,9863,43,furniture/equipment,student,
27,female,2,free,quite rich,little,4380,35,car,self-employed,
25,male,3,rent,quite rich,NA,4462,31,business,retired,
38,female,0,own,little,NA,2715,6,furniture/equipment,retired,
30,male,3,free,rich,rich,9487,65,furniture/equipment,retired,
67,male,2,own,moderate,moderate,9201,30,car,unemployed,
22,female,3,rent,moderate,rich,5840,48,education,unemployed,
23,male,0,own,quite rich,moderate,6816,28,furniture/equipment,student,
47,female,1,own,rich,little,1192,64,car,employed,
48,male,2,free,rich,moderate,9673,47,radio/TV,unemployed,
34,female,1,free,rich,rich,4570,49,car,employed,
28,female,2,rent,moderate,moderate,1973,17,business,employed,
37,female,0,own,rich,NA,3761,11,business,unemployed,
65,female,2,free,little,little,4016,51,education,employed,
26,female,1,free,NA,NA,6833,17,education,self-employed,
19,male,2,free,rich,NA,1956,68,business,employed,
54,male,0,rent,NA,NA,2573,10,business,employed,
18,female,2,own,moderate,NA,2776,52,furniture/equipment,student,
21,male,1,free,rich,moderate,9283,58,business,employed,
53,female,0,own,quite rich,NA,4384,16,education,retired,
42,female,1,rent,moderate,moderate,9099,59,business,self-employed,
20,male,2,own,little,NA,2597,59,education,retired,
26,male,3,free,little,rich,6169,18,radio/TV,employed,
39,female,1,own,NA,NA,4735,60,business,student,
40,female,2,own,NA,rich,7083,61,education,employed,
29,female,3,rent,quite rich,moderate,8327,38,car,employed,
27,female,3,rent,quite rich,little,9368,19,furniture/equipment,retired,
51,female,0,own,little,moderate,934,11,education,self-employed,
60,female,3,own,rich,little,832,48,business,retired,
27,male,1,own,little,little,4468,43,business,self-employed,
47,female,1,rent,little,NA,4299,57,radio/TV,employed,
39,female,3,rent,quite rich,little,3101,17,car,retired,
23,male,2,own,NA,moderate,1863,62,education,retired,
67,female,1,rent,quite rich,NA,5791,56,car,unemployed,
19,female,1,free,quite rich,little,4072,30,radio/TV,self-employed,
47,male,0,rent,quite rich,moderate,1254,50,furniture/equipment,self-employed,
19,female,2,rent,little,little,8772,9,car,student,
49,male,3,rent,rich,little,3282,58,radio/TV,self-employed,
59,female,2,free,little,NA,8207,47,education,unemployed,
33,male,0,free,moderate,NA,9984,21,furniture/equipment,employed,
29,male,0,free,quite rich,moderate,4461,19,business,unemployed,
18,male,2,own,quite rich,NA,2589,15,radio/TV,employed,
25,female,0,own,moderate,NA,3753,23,business,self-employed,
65,female,0,free,quite rich,rich,5338,48,furniture/equipment,student,
67,male,0,own,quite rich,rich,9599,67,radio/TV,unemployed,
30,male,2,own,quite rich,moderate,744,62,radio/TV,self-employed,
32,female,0,own,moderate,NA,3863,25,furniture/equipment,employed,
61,female,3,free,little,moderate,2439,50,education,student,
25,female,3,rent,quite rich,rich,3973,32,radio/TV,unemployed,
27,female,1,free,rich,rich,2827,48,furniture/equipment,employed,
63,female,3,free,moderate,rich,6818,12,car,self-employed,
22,male,1,own,NA,moderate,6980,27,business,self-employed,
67,female,2,own,moderate,NA,8215,18,radio/TV,unemployed,
36,male,0,rent,little,little,3330,39,car,employed,
64,female,3,rent,moderate,NA,296,16,radio/TV,self-employed,
55,male,1,rent,NA,moderate,4058,47,education,unemployed,
28,male,2,rent,rich,rich,2908,39,furniture/equipment,unemployed,
60,female,1,free,NA,little,5597,64,radio/TV,self-employed,
37,male,0,rent,moderate,moderate,6352,43,furniture/equipment,employed,
37,male,3,free,NA,rich,656,30,radio/TV,student,
38,male,2,own,moderate,moderate,6114,4,education,self-employed,
35,male,1,rent,rich,little,4568,37,education,unemployed,
67,female,2,own,rich,rich,4288,71,car,employed,
27,male,1,own,little,NA,9423,24,education,unemployed,
51,female,1,free,rich,moderate,8599,36,furniture/equipment,student,
43,male,0,rent,quite rich,little,2137,10,education,employed,
47,female,0,free,NA,NA,1346,68,radio/TV,self-employed,
26,female,1,own,NA,little,5352,6,education,retired,
63,female,3,rent,moderate,moderate,4499,54,furniture/equipment,self-employed,
68,male,2,own,rich,little,8318,57,radio/TV,student,
48,female,2,own,little,rich,8834,62,car,employed,
59,female,0,rent,little,little,7959,9,car,student,
21,male,3,rent,little,moderate,8153,32,car,self-employed,
23,female,1,rent,quite rich,rich,4984,20,radio/TV,retired,
31,male,0,free,rich,little,9224,63,car,unemployed,
21,male,1,free,little,little,1661,25,education,retired,
43,female,1,own,quite rich,rich,1359,27,radio/TV,unemployed,
64,male,0,rent,NA,NA,586,54,radio/TV,retired,
65,male,3,own,moderate,NA,7392,53,radio/TV,retired,
56,male,2,own,rich,rich,4975,14,business,employed,
34,female,0,own,rich,little,3609,59,furniture/equipment,retired,
36,male,3,own,NA,NA,889,45,business,unemployed,
68,male,1,own,rich,rich,7228,42,business,unemployed,
66,male,0,rent,rich,moderate,7462,51,business,self-employed,
23,female,2,free,rich,little,5864,60,furniture/equipment,self-employed,
46,male,2,rent,rich,moderate,6966,24,business,employed,
28,female,1,rent,quite rich,little,9561,23,car,retired,
33,male,0,rent,quite rich,NA,1152,18,radio/TV,student,
47,female,2,free,moderate,moderate,6342,54,radio/TV,student,
42,female,0,free,rich,moderate,6167,65,education,unemployed,
57,female,2,free,NA,rich,7405,40,car,retired,
28,male,1,rent,little,NA,2684,9,furniture/equipment,employed,
24,male,1,free,moderate,NA,2054,29,radio/TV,student,
43,male,0,own,little,little,3431,11,business,employed,
39,female,3,free,little,rich,2797,7,education,student,
42,male,3,rent,rich,rich,8029,24,education,employed,
36,male,1,rent,NA,little,8386,34,radio/TV,student,
48,female,2,own,little,moderate,4183,24,car,retired,
43,male,3,free,little,little,7163,28,education,student,
59,male,1,free,moderate,little,6884,18,radio/TV,self-employed,
58,female,2,own,NA,little,856,38,car,student,
53,female,2,rent,NA,rich,7943,52,radio/TV,retired,
40,male,3,rent,little,little,7039,46,radio/TV,employed,
64,female,1,free,NA,little,6512,44,car,employed,
30,male,2,free,moderate,little,8138,40,car,self-employed,
42,male,2,free,moderate,NA,6376,60,car,student,
19,male,0,free,moderate,moderate,3485,45,radio/TV,employed,
19,male,0,free,rich,moderate,9977,50,education,retired,
33,male,3,rent,little,moderate,5759,64,furniture/equipment,unemployed,
26,female,0,rent,NA,moderate,3763,17,furniture/equipment,student,
45,female,1,rent,moderate,rich,4784,71,radio/TV,employed,
30,male,3,rent,little,rich,5017,56,radio/TV,unemployed,
52,female,3,own,little,little,5241,37,education,employed,
58,female,0,rent,rich,rich,6382,27,car,unemployed,
30,male,2,own,NA,moderate,8226,23,radio/TV,self-employed,
48,female,1,rent,NA,NA,3444,33,business,retired,
38,female,1,free,moderate,little,1240,10,car,unemployed,
49,male,1,free,moderate,little,2473,39,radio/TV,self-employed,
51,male,3,free,little,moderate,3829,41,business,self-employed,
25,male,1,own,NA,moderate,2314,55,education,self-employed,
58,male,2,rent,NA,moderate,7564,18,business,employed,
65,male,2,rent,moderate,rich,1877,49,radio/TV,student,
19,male,0,own,quite rich,little,3294,26,furniture/equipment,self-employed,
55,male,1,own,little,moderate,9390,15,radio/TV,employed,
49,female,3,own,NA,NA,6073,47,furniture/equipment,employed,
57,male,0,own,rich,little,2484,18,education,self-employed,
45,female,2,own,rich,little,5252,52,education,student,
54,female,1,free,quite rich,rich,7262,24,car,unemployed,
58,male,2,rent,moderate,little,1789,18,car,unemployed,
18,female,0,own,moderate,moderate,9553,17,furniture/equipment,self-employed,
58,female,2,free,moderate,moderate,2720,45,furniture/equipment,unemployed,
27,female,1,own,rich,NA,4848,18,education,self-employed,
21,male,1,free,moderate,little,5929,66,business,self-employed,
52,female,0,own,rich,little,894,71,furniture/equipment,unemployed,
27,female,1,rent,quite rich,rich,8007,30,furniture/equipment,student,
64,male,2,own,little,moderate,3883,56,business,self-employed,
28,female,2,own,NA,NA,6904,55,car,unemployed,
31,female,3,rent,quite rich,moderate,7568,66,car,retired,
55,female,3,rent,rich,little,2171,56,furniture/equipment,unemployed,
29,female,3,own,quite rich,little,9895,60,car,unemployed,
62,female,2,rent,NA,NA,8255,55,car,retired,
34,male,2,rent,little,little,4418,46,car,retired,
33,female,0,free,NA,NA,2068,10,education,employed,
52,male,3,rent,rich,NA,1871,45,radio/TV,retired,
19,female,2,rent,NA,moderate,9474,7,furniture/equipment,student,
28,male,0,own,quite rich,NA,1928,8,furniture/equipment,student,
58,male,2,own,moderate,little,7832,44,education,retired,
20,male,0,free,quite rich,rich,6603,7,radio/TV,self-employed,
46,female,3,own,rich,rich,6292,5,radio/TV,unemployed,
35,female,3,rent,little,little,2342,70,education,self-employed,
37,female,3,rent,NA,rich,9540,24,business,self-employed,
64,female,2,rent,little,rich,6384,46,business,student,
31,female,2,own,rich,NA,6210,12,radio/TV,retired,
51,male,0,rent,NA,rich,453,31,business,employed,
66,male,1,rent,quite rich,rich,4302,29,business,student,
48,male,1,free,quite rich,rich,3742,6,business,retired,
57,female,3,free,rich,moderate,2975,52,radio/TV,student,
59,female,1,free,NA,little,7878,20,business,unemployed,
35,male,3,own,quite rich,NA,6412,66,furniture/equipment,unemployed,
47,female,0,rent,rich,rich,4837,58,radio/TV,student,
42,female,1,rent,rich,little,6234,26,education,self-employed,
36,male,1,rent,little,rich,8657,37,business,retired,
25,male,3,free,quite rich,moderate,6676,18,car,unemployed,
45,female,0,rent,NA,moderate,3348,50,radio/TV,unemployed,
25,female,1,rent,quite rich,rich,3559,6,education,student,
48,male,1,rent,quite rich,rich,1204,31,furniture/equipment,retired,
20,female,1,rent,quite rich,rich,4917,6,education,employed,
20,male,0,rent,rich,moderate,3471,7,business,retired,
61,male,0,own,moderate,moderate,409,34,car,student,
39,male,1,rent,moderate,little,9279,48,business,employed,
34,female,3,own,little,NA,5739,62,education,unemployed,
53,male,3,rent,quite rich,NA,353,48,radio/TV,employed,
34,male,1,own,moderate,moderate,3793,40,car,self-employed,
31,female,0,rent,little,NA,8806,68,car,student,
68,male,1,rent,rich,rich,1484,12,education,retired,
26,female,0,rent,quite rich,little,3348,20,business,retired,
47,female,1,rent,NA,moderate,968,68,education,retired,
38,female,0,free,rich,moderate,9374,6,car,self-employed,
29,male,2,rent,little,NA,5807,29,education,employed,
54,male,3,own,rich,rich,3402,56,car,student,
49,female,2,free,NA,little,2987,34,business,unemployed,
28,female,3,free,rich,NA,2410,29,radio/TV,unemployed,
37,female,0,rent,little,moderate,9430,26,radio/TV,employed,
52,male,2,own,NA,moderate,7599,33,education,retired,
64,female,3,own,NA,NA,6538,13,car,self-employed,
63,female,1,free,rich,rich,8933,67,radio/TV,unemployed,
28,female,0,own,NA,little,558,25,car,student,
69,male,0,rent,rich,little,1049,18,business,employed,
25,female,1,rent,quite rich,little,7698,59,education,self-employed,
21,male,1,rent,NA,little,4722,23,car,employed,
44,male,3,rent,rich,rich,2744,50,education,student,
61,female,0,rent,quite rich,moderate,2031,56,car,self-employed,
57,female,3,free,NA,moderate,1672,56,car,unemployed,
55,female,1,rent,quite rich,little,9828,4,business,unemployed,
64,male,0,rent,NA,little,529,5,education,student,
47,male,1,free,little,little,6051,61,furniture/equipment,unemployed,
61,male,3,free,little,NA,7232,22,car,employed,
65,female,3,free,rich,NA,5466,65,car,employed,
65,male,3,own,moderate,moderate,4554,15,radio/TV,self-employed,
44,female,0,own,little,moderate,6635,29,education,self-employed,
38,female,1,rent,moderate,little,8178,30,furniture/equipment,unemployed,
69,female,1,rent,quite rich,NA,4438,32,business,retired,
37,male,3,rent,quite rich,rich,6312,18,furniture/equipment,student,
21,male,3,own,moderate,NA,4922,49,business,unemployed,
28,male,3,rent,rich,moderate,1588,4,furniture/equipment,unemployed,
30,female,3,rent,NA,NA,4385,63,furniture/equipment,unemployed,
26,male,2,own,moderate,moderate,9111,60,education,retired,
21,male,2,free,moderate,little,3435,6,radio/TV,unemployed,
29,female,2,own,moderate,rich,4776,21,furniture/equipment,retired,
26,female,3,rent,moderate,little,1300,55,car,retired,
30,male,3,own,moderate,little,9064,63,car,student,
65,female,1,free,rich,rich,8908,37,car,retired,
43,male,0,free,little,rich,2732,63,radio/TV,retired,
55,female,1,free,NA,rich,7970,29,furniture/equipment,self-employed,
59,female,2,free,little,moderate,3870,22,business,student,
30,male,1,free,moderate,little,981,25,business,student,
56,female,3,free,little,moderate,3723,36,education,unemployed,
45,female,2,rent,rich,rich,6331,41,radio/TV,retired,
36,female,2,rent,quite rich,moderate,4982,38,furniture/equipment,unemployed,
41,male,0,own,little,rich,9981,70,car,retired,
36,female,0,rent,NA,NA,5195,13,radio/TV,self-employed,
66,female,2,free,rich,rich,1701,18,radio/TV,unemployed,
30,male,2,rent,quite rich,little,3280,14,furniture/equipment,self-employed,
30,male,1,own,rich,little,9468,27,education,self-employed,
45,female,2,free,moderate,little,9492,7,education,employed,
19,female,3,rent,quite rich,moderate,702,16,education,self-employed,
27,female,1,rent,NA,little,9731,60,car,retired,
39,male,3,own,quite rich,rich,4085,40,car,student,
30,female,3,free,NA,NA,8209,51,furniture/equipment,retired,
26,male,3,own,moderate,little,823,4,education,retired,
50,male,2,free,NA,moderate,1250,63,furniture/equipment,employed,
31,female,0,free,rich,NA,7585,15,education,retired,
65,female,0,rent,little,little,6281,24,radio/TV,employed,
37,male,3,own,rich,little,5684,14,business,employed,
32,female,2,own,rich,NA,3972,47,business,self-employed,
49,female,1,own,quite rich,little,4116,61,education,retired,
50,male,3,free,moderate,moderate,4218,47,furniture/equipment,unemployed,
34,female,1,own,little,rich,1529,37,car,employed,
41,male,1,free,NA,rich,4314,28,education,unemployed,
47,female,2,own,quite rich,NA,3567,7,education,student,
30,male,2,own,moderate,rich,8295,67,car,student,
64,male,0,rent,little,little,5341,19,education,student,
65,female,0,own,rich,little,4151,13,radio/TV,self-employed,
33,male,2,rent,moderate,moderate,5284,69,car,student,
19,male,3,rent,moderate,rich,1773,38,radio/TV,student,
34,female,0,free,moderate,NA,2834,9,business,student,
49,female,1,own,rich,little,2968,22,car,unemployed,
60,female,3,own,NA,NA,5502,62,car,retired,
25,male,1,own,quite rich,little,6450,56,furniture/equipment,employed,
69,male,2,rent,NA,little,1411,11,furniture/equipment,retired,
20,male,1,own,little,moderate,9167,13,car,unemployed,
29,female,3,free,quite rich,rich,6155,70,business,employed,
37,male,2,free,little,moderate,1360,41,education,student,
33,male,3,own,rich,rich,6177,32,furniture/equipment,self-employed,
31,female,1,rent,NA,NA,7241,18,business,employed,
33,male,3,free,moderate,rich,2583,26,business,employed,
66,female,2,free,quite rich,NA,6076,49,furniture/equipment,student,
60,female,1,rent,moderate,little,3740,31,education,self-employed,
66,female,1,free,little,NA,4835,29,furniture/equipment,retired,
68,male,0,rent,moderate,NA,1295,13,business,student,
50,male,0,free,moderate,little,6101,50,radio/TV,student,
47,male,3,rent,rich,NA,8415,7,furniture/equipment,retired,
29,female,0,free,rich,NA,1279,58,business,self-employed,
32,female,0,own,NA,little,8570,69,furniture/equipment,employed,
35,female,0,free,little,little,3047,70,business,unemployed,
45,male,0,free,rich,little,2160,10,education,unemployed,
40,male,2,own,rich,rich,1673,58,business,unemployed,
31,male,2,own,NA,little,5088,34,car,self-employed,
47,male,0,own,quite rich,little,5179,22,radio/TV,unemployed,
50,male,3,own,NA,NA,1412,31,business,student,
62,female,2,rent,moderate,moderate,5897,31,furniture/equipment,employed,
32,male,0,rent,moderate,moderate,9201,22,furniture/equipment,self-employed,
24,female,2,free,rich,rich,619,23,business,retired,
32,female,1,free,rich,rich,3859,16,car,retired,
69,male,2,free,NA,moderate,5483,46,business,student,
59,female,2,rent,NA,moderate,9670,14,education,student,
63,male,3,free,little,little,9832,51,car,student,
55,male,2,free,moderate,NA,1540,18,business,self-employed,
63,female,3,rent,NA,little,5337,20,radio/TV,unemployed,
61,male,1,free,quite rich,rich,5389,57,car,employed,
28,male,0,rent,little,moderate,1561,53,business,employed,
46,female,3,rent,NA,rich,791,31,radio/TV,self-employed,
48,female,2,own,rich,little,726,7,business,unemployed,
42,female,2,own,NA,rich,8055,25,education,employed,
69,female,3,rent,rich,rich,1492,42,furniture/equipment,self-employed,
41,female,1,rent,rich,NA,1854,37,business,unemployed,
36,female,0,own,moderate,rich,387,47,car,unemployed,
19,male,2,free,moderate,little,2958,45,business,student,
39,male,1,free,NA,NA,8920,43,business,retired,
37,male,0,free,NA,rich,8825,15,business,unemployed,
50,female,0,rent,quite rich,little,6631,5,business,self-employed,
25,male,2,own,little,moderate,6237,31,car,retired,
42,female,3,free,little,NA,8694,70,car,self-employed,
63,male,2,own,NA,rich,4382,13,business,student,
26,female,2,own,moderate,rich,7173,60,furniture/equipment,employed,
51,male,2,rent,quite rich,NA,637,40,business,unemployed,
40,female,1,free,little,little,1032,67,car,unemployed,
22,female,3,own,NA,rich,9188,43,education,employed,
42,female,1,rent,moderate,little,8951,63,business,retired,
25,female,2,rent,moderate,NA,9153,51,business,self-employed,
33,male,3,rent,moderate,rich,5994,22,business,unemployed,
65,male,0,free,rich,moderate,3774,36,business,employed,
62,female,3,free,moderate,moderate,3985,47,radio/TV,unemployed,
69,female,2,rent,NA,moderate,5420,40,business,self-employed,
32,female,3,free,quite rich,NA,7950,39,car,self-employed,
18,male,0,free,NA,rich,7018,24,car,employed,
39,female,0,own,moderate,NA,884,5,radio/TV,unemployed,
20,female,3,rent,quite rich,rich,4433,34,business,retired,
55,male,0,rent,little,moderate,777,33,furniture/equipment,student,
31,female,1,free,little,moderate,8207,47,business,unemployed,
53,female,3,rent,NA,little,427,15,car,employed,
35,male,0,rent,quite rich,NA,2528,54,education,unemployed,
64,female,0,rent,NA,NA,2931,52,education,unemployed,
58,female,3,free,quite rich,little,9219,27,furniture/equipment,self-employed,
35,male,1,free,quite rich,moderate,630,27,business,student,
20,female,3,free,NA,moderate,9455,63,radio/TV,employed,
27,male,0,own,quite rich,NA,1909,14,business,student,
66,female,3,rent,moderate,rich,5982,16,furniture/equipment,retired,
56,female,0,own,quite rich,moderate,1434,67,furniture/equipment,retired,
64,female,2,free,quite rich,little,8693,23,furniture/equipment,retired,
18,female,3,own,NA,little,5405,31,education,retired,
44,female,3,rent,little,little,1620,5,business,retired,
44,male,0,rent,rich,NA,968,46,business,student,
28,female,0,free,quite rich,NA,6234,11,radio/TV,student,
66,female,0,free,rich,NA,9796,16,furniture/equipment,self-employed,
22,male,0,own,quite rich,NA,8835,38,furniture/equipment,self-employed,
24,male,3,free,NA,little,3304,26,car,employed,
36,female,0,own,NA,little,4555,49,car,retired,
46,male,3,rent,quite rich,NA,3505,18,education,self-employed,
32,female,1,rent,NA,NA,1738,5,business,retired,
52,male,3,rent,NA,little,1531,64,radio/TV,retired,
64,male,0,rent,quite rich,NA,8368,67,radio/TV,self-employed,
54,female,0,rent,little,NA,7139,55,furniture/equipment,employed,
29,male,1,own,quite rich,NA,8461,39,radio/TV,retired,
47,female,3,rent,little,NA,5758,70,furniture/equipment,student,
37,male,1,own,NA,moderate,6144,70,business,retired,
54,male,3,rent,little,NA,7326,50,radio/TV,employed,
20,male,0,own,NA,little,680,5,furniture/equipment,student,
26,female,3,own,little,little,5463,47,business,retired,
58,female,0,own,little,little,4294,67,business,retired,
56,male,0,free,quite rich,little,6367,31,furniture/equipment,employed,
43,female,2,own,little,NA,2993,57,furniture/equipment,student,
19,female,2,own,NA,moderate,3092,70,education,unemployed,
40,female,3,rent,quite rich,rich,1398,39,business,self-employed,
40,male,0,own,little,rich,8211,66,furniture/equipment,unemployed,
38,female,1,own,quite rich,rich,2572,28,business,retired,
33,male,0,free,rich,rich,2092,51,radio/TV,retired,
26,male,1,rent,quite rich,little,5990,42,car,unemployed,
30,male,3,free,rich,NA,2083,50,car,employed,
45,male,3,free,rich,NA,5667,24,furniture/equipment,employed,
44,male,1,free,quite rich,rich,997,33,furniture/equipment,unemployed,
68,female,1,own,NA,rich,8409,34,business,retired,
69,female,0,free,NA,moderate,8435,29,furniture/equipment,self-employed,
34,male,3,free,NA,moderate,354,25,business,self-employed,
55,female,0,rent,moderate,moderate,5162,24,furniture/equipment,student,
53,female,1,rent,rich,little,4280,4,business,self-employed,
18,female,2,rent,quite rich,NA,8250,40,furniture/equipment,retired,
35,female,2,rent,NA,little,6147,49,education,student,
68,female,2,free,NA,little,9817,12,business,unemployed,
26,female,1,rent,quite rich,NA,4520,20,education,student,
30,female,0,own,rich,moderate,2092,50,education,retired,
57,male,3,free,quite rich,NA,9289,62,education,unemployed,
62,male,1,rent,moderate,rich,3624,57,education,student,
32,male,2,free,moderate,moderate,9650,15,radio/TV,self-employed,
60,female,0,rent,quite rich,NA,2215,67,car,student,
61,female,3,free,rich,little,6873,9,radio/TV,employed,
63,male,3,rent,NA,NA,6232,56,furniture/equipment,employed,
21,female,1,own,moderate,moderate,5033,19,furniture/equipment,student,
50,female,1,rent,moderate,rich,9265,8,car,employed,
41,male,3,free,rich,little,765,49,car,student,
53,male,3,free,moderate,rich,7612,17,car,retired,
68,male,2,own,moderate,rich,2218,47,education,employed,
58,female,3,free,rich,little,2514,66,radio/TV,unemployed,
27,female,1,own,quite rich,NA,4612,55,furniture/equipment,unemployed,
53,female,0,free,NA,NA,4083,29,radio/TV,self-employed,
37,male,2,free,NA,rich,8416,56,radio/TV,retired,
58,male,2,own,moderate,NA,6939,32,radio/TV,employed,
62,female,3,free,NA,moderate,9529,22,car,retired,
61,male,0,free,quite rich,rich,8102,50,car,self-employed,
28,male,2,own,moderate,rich,1389,11,furniture/equipment,retired,
29,female,1,rent,NA,rich,7356,26,furniture/equipment,employed,
35,male,3,own,little,moderate,7542,38,furniture/equipment,unemployed,
47,male,1,free,little,rich,7084,56,radio/TV,unemployed,
61,male,3,rent,little,NA,3357,61,car,student,
65,female,2,rent,little,NA,5720,8,education,student,
54,female,3,rent,little,NA,1941,19,radio/TV,retired,
37,male,0,own,moderate,NA,3888,20,business,employed,
42,female,1,rent,rich,rich,7685,35,radio/TV,student,
29,female,0,rent,rich,moderate,5569,55,car,unemployed,
38,female,1,rent,moderate,little,5844,23,business,self-employed,
42,male,1,free,moderate,NA,9289,69,radio/TV,self-employed,
28,female,3,own,quite rich,little,4223,4,car,self-employed,
26,male,2,own,rich,little,916,61,car,employed,
67,male,2,free,little,rich,4167,47,education,employed,
42,female,0,rent,moderate,NA,7623,9,radio/TV,student,
52,male,3,free,little,NA,6650,53,car,student,
69,female,2,free,rich,NA,3415,23,furniture/equipment,employed,
49,female,1,rent,NA,little,8025,17,car,student,
66,male,1,rent,NA,NA,590,8,education,employed,
31,male,3,own,moderate,NA,3237,44,car,self-employed,
18,female,0,rent,quite rich,moderate,432,43,radio/TV,unemployed,
34,female,3,free,little,rich,3331,37,radio/TV,unemployed,
42,female,0,free,moderate,NA,7834,48,business,retired,
25,female,3,rent,quite rich,NA,433,30,radio/TV,self-employed,
22,male,1,own,little,rich,1591,47,business,unemployed,
22,male,3,free,rich,rich,9647,36,furniture/equipment,retired,
58,male,2,rent,NA,little,1089,36,education,unemployed,
52,female,2,own,quite rich,little,8102,47,furniture/equipment,unemployed,
36,male,3,own,little,little,945,23,business,self-employed,
40,male,0,free,moderate,rich,627,39,car,unemployed,
26,male,0,free,little,moderate,931,10,car,unemployed,
47,male,1,own,moderate,NA,999,35,furniture/equipment,student,
67,female,1,own,NA,rich,6707,70,car,retired,
33,male,0,own,NA,moderate,7225,42,business,self-employed,
50,male,3,rent,little,rich,9227,27,education,self-employed,
19,male,1,free,little,moderate,7824,57,radio/TV,unemployed,
31,male,0,own,moderate,rich,8526,41,business,self-employed,
63,female,0,free,moderate,rich,5583,35,business,self-employed,
18,female,3,free,quite rich,moderate,6407,48,radio/TV,unemployed,
43,male,2,free,quite rich,moderate,2738,64,radio/TV,student,
42,female,0,own,quite rich,moderate,3918,56,education,student,
33,female,1,rent,little,moderate,8432,54,education,retired,
32,female,3,own,quite rich,moderate,3567,59,education,self-employed,
43,female,3,free,little,moderate,5208,30,car,retired,
64,male,3,own,NA,moderate,5429,41,business,retired,
61,female,2,own,rich,moderate,7588,65,radio/TV,student,
33,female,2,free,NA,rich,2615,21,business,self-employed,
31,male,1,free,little,moderate,7371,67,business,unemployed,
46,male,1,own,little,moderate,3149,33,education,student,
41,male,3,own,rich,rich,4461,52,education,unemployed,
64,male,1,own,moderate,rich,5345,44,business,unemployed,
32,female,0,own,moderate,little,3666,16,education,retired,
36,male,2,rent,moderate,little,3288,37,car,self-employed,
25,female,3,own,quite rich,moderate,1315,28,radio/TV,retired,
51,female,3,rent,moderate,moderate,4778,69,business,employed,
